TimeStamp,Temperature1,Humidity1,Temperature2,Humidity2
2025-08-12 11:10:14,28.1,57.8,28.7,55.0
2025-08-12 11:11:15,28.1,57.3,28.4,55.7
2025-08-12 11:12:15,28.1,57.5,28.5,56.2
2025-08-12 11:13:16,28.1,57.7,28.6,55.8
2025-08-12 11:14:16,28.1,57.6,28.8,55.3
2025-08-12 11:15:17,28.2,57.6,28.9,54.5
2025-08-12 11:16:17,28.2,57.6,28.9,54.9
2025-08-12 11:17:18,28.2,58.2,28.9,54.2
2025-08-12 11:18:18,28.2,58.0,29.0,54.3
2025-08-12 11:19:19,28.2,57.9,29.0,53.9
2025-08-12 11:20:19,28.2,57.9,29.1,54.1
2025-08-12 11:21:20,28.2,57.9,29.1,55.4
2025-08-12 11:22:20,28.2,57.6,29.0,54.8
2025-08-12 11:23:21,28.2,57.5,28.6,55.3
2025-08-12 11:24:21,28.2,57.2,28.5,56.0
2025-08-12 11:25:22,28.2,57.6,28.7,55.8
2025-08-12 11:26:22,28.2,57.5,28.8,55.3
2025-08-12 11:27:23,28.2,57.6,29.0,54.7
2025-08-12 11:28:23,28.2,57.8,29.0,54.4
2025-08-12 11:29:24,28.2,57.8,28.9,54.4
2025-08-12 11:30:24,28.2,57.8,28.9,55.2
2025-08-12 11:31:25,28.2,57.7,29.1,54.9
2025-08-12 11:32:25,28.1,57.7,29.2,54.5
2025-08-12 11:33:26,28.2,58.1,29.3,54.3
2025-08-12 11:34:26,28.2,58.6,29.2,52.9
2025-08-12 13:51:45,29.3,62.8,31.1,66.5
2025-08-12 13:51:57,30.6,46.8,31.2,64.4
2025-08-12 13:52:58,30.7,44.0,31.4,51.3
2025-08-12 13:54:38,31.5,54.9,30.6,44.7
2025-08-12 13:55:38,31.6,47.5,30.2,45.5
2025-08-12 13:56:39,31.6,41.3,29.7,51.9
2025-08-12 13:57:38,32.2,38.3,29.4,47.1
2025-08-12 14:00:40,31.8,54.5,0.0,0.0
2025-08-12 14:06:23,29.0,46.8,33.2,36.7
2025-08-12 14:07:24,28.9,47.1,33.3,36.3
2025-08-12 14:08:24,28.7,47.8,33.3,36.8
2025-08-12 14:10:25,28.5,48.2,33.4,36.6
2025-08-12 14:11:26,28.5,48.1,33.5,36.2
2025-08-12 14:12:26,28.4,48.2,33.5,36.3
2025-08-12 14:13:27,28.4,48.3,33.6,36.8
2025-08-12 14:14:27,28.4,48.4,33.6,36.0
2025-08-12 14:15:28,28.4,48.4,33.4,35.6
2025-08-12 14:16:28,28.4,49.1,33.2,35.6
2025-08-12 14:17:29,28.4,49.3,33.3,36.3
2025-08-12 14:18:29,28.4,49.5,33.5,35.9
2025-08-12 14:19:30,28.3,49.7,33.7,35.7
2025-08-12 14:20:30,28.4,49.9,33.7,35.5
2025-08-12 14:21:31,28.4,49.9,34.0,35.3
2025-08-12 14:22:31,28.4,50.0,34.0,34.6
2025-08-12 14:23:32,28.4,49.9,33.9,34.5
2025-08-12 14:24:32,28.4,49.7,33.9,34.6
2025-08-12 14:25:33,28.4,49.6,33.6,34.4
2025-08-12 14:26:33,28.4,49.6,33.7,35.2
2025-08-12 14:27:34,28.5,49.4,33.7,35.5
2025-08-12 14:28:34,28.5,49.4,33.8,34.7
2025-08-12 14:29:35,28.5,49.5,33.9,34.8
2025-08-12 14:30:35,28.5,49.4,34.0,34.6
2025-08-12 14:31:36,28.5,49.3,34.0,35.5
2025-08-12 14:32:36,28.5,49.4,34.0,35.5
2025-08-12 14:34:37,28.5,49.5,33.9,35.5
2025-08-12 14:35:38,28.5,49.4,34.1,35.7
2025-08-12 14:36:38,28.5,49.4,34.4,35.2
2025-08-12 14:37:39,28.6,49.3,34.6,34.9
2025-08-12 14:38:40,28.6,49.3,34.4,34.7
2025-08-12 14:39:40,28.6,49.5,34.2,34.9
2025-08-12 14:40:41,28.6,49.4,34.1,34.4
2025-08-12 14:41:41,28.6,49.3,34.2,34.4
2025-08-12 14:42:42,28.6,49.1,33.9,35.2
2025-08-12 14:43:42,28.6,49.1,34.1,34.8
2025-08-12 14:44:43,28.6,49.1,34.3,34.6
2025-08-12 14:45:43,28.6,48.9,34.7,34.1
2025-08-12 14:46:44,28.6,48.8,34.9,33.8
2025-08-12 14:47:44,28.6,48.7,35.0,34.2
2025-08-12 14:48:45,28.6,48.6,35.2,32.9
2025-08-12 14:49:45,28.5,48.7,35.3,32.7
2025-08-12 14:50:46,28.5,48.6,35.7,32.5
2025-08-12 14:51:46,28.5,48.6,35.8,33.7
2025-08-12 14:53:47,28.5,48.6,36.5,31.4
2025-08-12 14:54:48,28.5,48.5,36.8,31.6
2025-08-12 14:55:48,28.5,48.5,37.2,31.6
2025-08-12 14:56:49,28.5,48.5,37.6,29.7
2025-08-12 14:57:49,28.5,48.4,37.4,30.1
2025-08-12 14:58:50,28.6,48.4,37.8,30.3
2025-08-12 14:59:50,28.6,48.3,38.2,29.7
2025-08-12 15:01:51,28.6,48.3,38.4,29.5
2025-08-12 15:02:52,28.6,48.3,38.6,29.2
2025-08-12 15:03:52,28.6,48.2,38.7,29.2
2025-08-12 15:04:53,28.6,48.1,38.8,28.7
2025-08-12 15:05:53,28.6,48.1,38.8,28.7
2025-08-12 15:06:54,28.6,48.0,38.8,28.4
2025-08-12 15:07:54,28.6,47.9,38.9,29.4
2025-08-12 15:08:55,28.6,47.8,38.9,28.5
2025-08-12 15:09:55,28.6,47.8,38.9,28.4
2025-08-12 15:10:56,28.6,47.7,39.3,28.2
2025-08-12 15:11:56,28.7,47.7,39.3,28.2
2025-08-12 15:12:57,28.7,47.6,39.5,28.3
2025-08-12 15:13:57,28.6,47.6,40.0,28.4
2025-08-12 15:14:58,28.7,48.5,39.2,28.1
2025-08-12 15:16:59,28.7,49.0,39.8,27.4
2025-08-12 15:17:59,28.7,48.9,39.9,27.2
2025-08-12 15:19:00,28.7,50.5,39.5,28.5
2025-08-12 15:21:01,28.8,48.8,38.3,28.5
2025-08-12 15:22:02,28.8,49.2,37.8,29.4
2025-08-12 15:23:02,28.8,49.3,36.7,30.4
2025-08-12 15:24:03,28.8,49.2,35.8,31.8
2025-08-12 15:25:03,28.8,49.2,35.5,32.8
2025-08-12 15:26:04,28.8,49.3,35.2,33.6
2025-08-12 15:27:04,28.8,49.1,35.0,35.0
2025-08-12 15:28:05,28.8,48.9,35.0,33.9
2025-08-12 15:29:05,28.9,48.7,34.8,34.2
2025-08-12 15:30:06,28.9,48.3,34.8,33.8
2025-08-12 15:31:06,28.9,48.3,34.7,33.1
2025-08-12 15:32:07,28.9,48.2,34.7,35.5
2025-08-12 15:33:07,28.9,48.0,34.7,35.1
2025-08-12 15:34:08,28.9,48.0,34.9,34.4
2025-08-12 15:35:08,28.9,47.8,34.8,33.2
2025-08-12 15:36:09,29.0,47.6,34.6,33.9
2025-08-12 15:37:09,29.0,47.6,34.7,33.5
2025-08-12 15:38:10,29.0,48.2,35.1,33.6
2025-08-12 15:39:10,29.0,48.2,35.2,33.1
2025-08-12 15:40:11,29.0,48.4,35.4,33.1
2025-08-12 15:42:12,29.0,48.2,35.5,33.5
2025-08-12 15:43:12,29.0,47.9,35.6,33.2
2025-08-12 15:44:13,28.9,47.6,35.6,33.2
2025-08-12 15:45:13,28.9,47.5,35.6,32.7
2025-08-12 15:46:14,28.9,47.4,35.6,32.7
2025-08-12 15:47:14,28.9,47.3,35.5,32.7
2025-08-12 15:48:15,28.9,47.2,35.7,31.8
2025-08-12 15:49:15,28.9,47.0,35.5,32.0
2025-08-12 15:50:16,29.0,46.9,35.5,31.9
2025-08-12 15:51:16,29.0,46.7,35.5,32.1
2025-08-12 15:52:17,29.0,46.6,35.3,32.3
2025-08-12 15:53:17,29.0,46.7,35.3,32.6
2025-08-12 15:54:18,29.0,46.8,35.5,32.4
2025-08-12 15:55:19,29.0,46.9,35.7,31.9
2025-08-12 15:56:19,29.0,46.9,35.9,32.9
2025-08-12 15:58:20,29.0,47.0,35.8,32.1
2025-08-12 15:59:21,29.0,47.1,36.0,32.5
2025-08-12 16:00:21,29.1,47.0,36.0,31.7
2025-08-12 16:01:22,29.1,46.9,36.1,31.6
2025-08-12 16:03:23,29.1,46.9,36.4,31.9
2025-08-12 16:04:23,29.1,46.9,36.2,31.3
2025-08-12 16:05:24,29.1,46.9,36.3,32.0
2025-08-12 16:06:24,29.1,46.8,36.3,31.2
2025-08-12 16:07:25,29.2,46.6,36.1,31.0
2025-08-12 16:08:25,29.2,46.5,36.1,31.4
2025-08-12 16:09:26,29.2,46.5,36.1,31.8
2025-08-12 16:10:26,29.1,46.4,36.1,31.5
2025-08-12 16:11:27,29.2,46.3,36.3,30.9
2025-08-12 16:12:27,29.2,46.3,36.2,30.5
2025-08-12 16:13:28,29.2,46.2,35.9,31.0
2025-08-12 16:14:28,29.2,46.2,36.0,31.2
2025-08-12 16:15:29,29.2,46.1,36.1,31.3
2025-08-12 16:16:29,29.2,46.1,35.8,31.5
2025-08-12 16:17:30,29.2,46.2,36.4,31.5
2025-08-12 16:18:30,29.2,46.2,36.6,31.0
2025-08-12 16:20:31,29.2,45.9,36.6,30.8
2025-08-12 16:21:32,29.3,45.9,36.8,31.0
2025-08-12 16:22:32,29.3,45.9,36.9,30.4
2025-08-12 16:23:33,29.3,45.9,36.7,30.2
2025-08-12 16:24:33,29.3,45.9,36.3,30.8
2025-08-12 16:25:34,29.3,46.3,36.5,31.2
2025-08-12 16:26:34,29.4,46.4,36.1,30.8
2025-08-12 16:27:35,29.4,46.3,36.2,31.9
2025-08-12 16:28:35,29.4,46.6,36.1,31.2
2025-08-12 16:29:36,29.4,46.9,36.3,31.3
2025-08-12 16:30:36,29.5,46.8,36.3,30.8
2025-08-12 16:31:37,29.5,46.8,36.4,31.1
2025-08-12 16:32:37,29.5,46.8,36.6,30.4
2025-08-12 16:33:38,29.5,46.9,36.7,30.5
2025-08-12 16:34:39,29.5,46.7,36.9,30.2
2025-08-12 16:35:39,29.5,46.6,36.8,30.4
2025-08-12 16:36:40,29.5,46.5,37.1,30.9
2025-08-12 16:37:40,29.5,46.5,37.3,30.5
2025-08-12 16:40:42,29.5,46.1,37.4,30.1
2025-08-12 16:41:42,29.5,46.1,37.4,30.1
2025-08-12 16:42:43,29.5,46.2,37.3,30.2
2025-08-12 16:43:43,29.5,46.2,37.1,29.8
2025-08-12 16:44:44,29.6,46.1,36.7,30.6
2025-08-12 16:45:44,29.6,46.0,36.9,30.7
2025-08-12 16:46:45,29.6,46.1,37.0,30.4
2025-08-12 16:47:45,29.6,46.0,37.2,30.2
2025-08-12 16:48:46,29.6,45.9,37.3,30.7
2025-08-12 16:49:46,29.6,46.1,37.3,30.6
2025-08-12 16:50:47,29.6,46.2,37.5,30.1
2025-08-12 16:51:47,29.6,46.0,37.2,30.0
2025-08-12 16:52:48,29.6,46.1,37.4,30.5
2025-08-12 16:53:48,29.6,46.0,37.5,29.7
2025-08-12 16:54:49,29.6,46.0,36.8,30.9
2025-08-12 16:55:49,29.7,45.9,37.0,30.4
2025-08-12 16:56:50,29.7,46.0,36.9,31.0
2025-08-12 16:57:50,29.6,46.2,37.2,31.1
2025-08-12 16:58:51,29.6,46.2,37.5,30.5
2025-08-12 16:59:51,29.6,46.2,37.7,29.9
2025-08-12 17:00:52,29.6,46.1,37.6,29.9
2025-08-12 17:01:52,29.6,45.9,37.4,30.0
2025-08-12 17:02:53,29.6,46.0,37.5,30.2
2025-08-12 17:03:53,29.6,45.9,37.3,30.1
2025-08-12 17:04:54,29.6,45.7,37.0,30.3
2025-08-12 17:05:54,29.7,45.6,36.8,31.2
2025-08-12 17:06:55,29.7,45.4,37.0,31.0
2025-08-12 17:07:55,29.7,45.4,37.1,30.8
2025-08-12 17:08:56,29.7,45.4,37.1,30.6
2025-08-12 17:09:56,29.7,45.4,37.1,30.5
2025-08-12 17:10:57,29.7,45.8,37.4,31.0
2025-08-12 17:14:59,29.8,45.5,37.0,30.7
2025-08-12 17:15:59,29.8,45.5,36.9,30.4
2025-08-12 17:17:00,29.8,45.4,36.7,31.7
2025-08-12 17:19:01,29.8,45.3,36.8,31.2
2025-08-12 17:20:01,29.8,45.3,36.5,31.6
2025-08-12 17:21:02,29.7,45.2,36.3,31.5
2025-08-12 17:22:02,29.8,45.1,36.5,31.9
2025-08-12 17:23:03,29.8,45.2,36.9,31.3
2025-08-12 17:24:04,29.8,45.1,36.9,31.0
2025-08-12 17:25:04,29.7,45.1,36.9,30.8
2025-08-12 17:26:05,29.8,45.1,36.7,31.3
2025-08-12 17:27:05,29.8,45.1,36.8,31.4
2025-08-12 17:28:06,29.8,45.1,36.7,31.1
2025-08-12 17:29:06,29.8,45.8,36.9,31.0
2025-08-12 17:30:07,29.8,46.5,37.2,30.8
2025-08-12 17:31:07,29.8,46.8,37.3,30.6
2025-08-12 17:32:08,29.8,46.9,37.4,30.8
2025-08-12 17:33:08,29.8,46.9,37.7,31.2
2025-08-12 17:34:09,29.8,46.9,37.8,31.3
2025-08-12 17:35:09,29.8,47.0,37.4,33.3
2025-08-12 17:36:10,29.8,47.1,37.3,33.8
2025-08-12 17:37:10,29.8,47.5,37.4,34.5
2025-08-12 17:38:11,29.9,48.2,37.4,35.0
2025-08-12 17:39:11,29.9,48.4,37.5,35.1
2025-08-12 17:40:12,29.9,48.9,37.6,34.5
2025-08-12 17:41:12,29.9,48.7,37.7,34.9
2025-08-12 17:42:13,30.0,48.6,37.7,34.8
2025-08-12 17:43:13,30.0,48.4,37.4,34.7
2025-08-12 17:44:14,30.0,48.3,37.2,34.9
2025-08-12 17:45:14,30.0,48.3,37.0,35.5
2025-08-12 17:46:15,30.0,48.2,37.0,35.7
2025-08-12 17:47:15,30.0,48.2,36.7,35.7
2025-08-12 17:48:16,30.1,48.2,36.6,36.0
2025-08-12 17:49:16,30.1,48.1,36.5,36.3
2025-08-12 17:50:17,30.0,48.2,36.6,36.4
2025-08-12 17:51:17,30.1,48.2,37.0,36.1
2025-08-12 17:52:18,30.1,48.2,37.1,35.8
2025-08-12 17:53:18,30.1,48.2,36.9,36.0
2025-08-12 17:54:19,30.1,48.2,36.8,35.8
2025-08-12 17:55:19,30.1,48.2,36.5,36.0
2025-08-12 17:57:20,30.1,48.3,36.2,36.8
2025-08-12 17:58:21,30.1,48.3,36.4,36.3
2025-08-12 17:59:21,30.1,48.3,36.6,36.3
2025-08-12 18:01:22,30.1,48.2,36.1,36.7
2025-08-12 18:02:23,30.1,48.2,35.9,36.9
2025-08-12 18:03:23,30.1,48.3,35.9,37.2
2025-08-12 18:04:24,30.1,48.3,35.9,37.0
2025-08-12 18:05:24,30.1,48.2,35.7,37.2
2025-08-12 18:06:25,30.1,48.3,35.5,37.8
2025-08-12 18:07:25,30.1,48.2,35.1,37.8
2025-08-12 18:08:26,30.1,48.2,34.8,38.4
2025-08-12 18:09:26,30.1,48.3,34.6,38.9
2025-08-12 18:10:27,30.1,48.3,34.6,38.5
2025-08-12 18:11:27,30.1,48.3,34.7,38.6
2025-08-12 18:12:28,30.1,48.2,34.9,38.7
2025-08-12 18:13:29,30.1,48.3,35.2,38.2
2025-08-12 18:14:29,30.1,48.3,35.1,38.4
2025-08-12 18:15:30,30.1,48.3,35.5,37.9
2025-08-12 18:16:30,30.1,48.3,35.5,37.5
2025-08-12 18:18:31,30.1,48.3,35.1,38.3
2025-08-12 18:19:32,30.1,48.2,34.9,38.6
2025-08-12 18:20:32,30.1,48.2,34.4,39.1
2025-08-12 18:21:33,30.1,48.3,34.6,39.1
2025-08-12 18:22:33,30.1,48.3,34.7,38.4
2025-08-12 18:23:34,30.1,48.2,34.8,38.4
2025-08-12 18:24:34,30.1,48.2,35.0,38.4
2025-08-12 18:25:35,30.1,48.2,35.2,38.0
2025-08-12 18:26:35,30.1,48.2,35.3,37.9
2025-08-12 18:27:36,30.1,48.3,35.3,37.6
2025-08-12 18:28:36,30.1,48.2,35.5,37.9
2025-08-12 18:29:37,30.1,48.2,35.5,37.4
2025-08-12 18:30:37,30.1,48.1,35.3,37.6
2025-08-12 18:31:38,30.1,48.1,35.1,37.7
2025-08-12 18:32:38,30.1,48.1,35.4,37.8
2025-08-12 18:33:39,30.1,48.1,35.2,37.2
2025-08-12 18:34:39,30.1,48.1,35.1,37.4
2025-08-12 18:35:40,30.1,48.0,34.4,38.1
2025-08-12 18:36:40,30.1,48.0,34.1,38.9
2025-08-12 18:37:41,30.1,48.0,33.9,38.8
2025-08-12 18:38:41,30.1,48.0,34.0,39.2
2025-08-12 18:39:42,30.1,48.0,34.3,39.1
2025-08-12 18:40:42,30.1,48.1,34.3,38.9
2025-08-12 18:41:43,30.1,48.1,34.6,38.1
2025-08-12 18:43:44,30.1,48.0,34.7,38.4
2025-08-12 18:44:44,30.1,48.0,34.8,38.0
2025-08-12 18:45:45,30.1,48.0,34.7,37.6
2025-08-12 18:46:45,30.1,48.0,34.4,38.0
2025-08-12 18:47:46,30.1,47.9,34.3,38.4
2025-08-12 18:48:46,30.1,47.8,34.5,37.8
2025-08-12 18:49:47,30.1,47.8,34.2,38.1
2025-08-12 18:50:47,30.1,47.8,34.2,38.6
2025-08-12 18:51:48,30.1,47.7,34.1,38.5
2025-08-12 18:52:48,30.1,47.7,34.3,38.6
2025-08-12 18:53:49,30.1,47.8,34.4,38.3
2025-08-12 18:54:50,30.1,47.8,34.5,38.0
2025-08-12 18:55:50,30.1,47.7,34.1,38.2
2025-08-12 18:56:51,30.1,47.7,34.1,39.1
2025-08-12 18:57:51,30.1,47.8,34.4,38.6
2025-08-12 18:58:52,30.1,47.8,34.5,38.2
2025-08-12 18:59:52,30.1,47.7,34.6,37.7
2025-08-12 19:00:53,30.1,47.9,34.6,37.6
2025-08-12 19:01:53,30.1,47.8,33.8,37.9
2025-08-12 19:02:54,30.1,47.9,33.4,38.9
2025-08-12 19:03:54,30.1,48.1,33.8,39.5
2025-08-12 19:04:55,30.1,48.3,33.9,38.9
2025-08-12 19:05:55,30.1,48.4,34.1,38.3
2025-08-12 19:06:56,30.1,48.5,33.8,38.6
2025-08-12 19:07:56,30.1,48.4,33.6,39.4
2025-08-12 19:08:57,30.1,48.5,33.8,39.4
2025-08-12 19:09:57,30.1,48.5,33.7,38.9
2025-08-12 19:10:58,30.1,48.5,33.6,39.4
2025-08-12 19:11:58,30.1,48.5,33.6,39.4
2025-08-12 19:12:59,30.1,48.4,33.5,39.0
2025-08-12 19:13:59,30.1,48.4,33.0,39.3
2025-08-12 19:15:00,30.1,48.4,32.7,39.6
2025-08-12 19:16:00,30.1,48.4,32.4,40.2
2025-08-12 19:17:01,30.1,48.4,32.5,41.3
2025-08-12 19:18:01,30.1,48.4,32.8,40.1
2025-08-12 19:19:02,30.1,48.4,32.8,40.1
2025-08-12 19:21:03,30.1,48.4,32.8,40.3
2025-08-12 19:22:03,30.1,48.4,32.9,40.5
2025-08-12 19:23:04,30.1,48.3,32.9,40.2
2025-08-12 19:24:04,30.0,48.3,32.7,40.2
2025-08-12 19:25:05,30.0,48.3,32.8,40.6
2025-08-12 19:26:05,30.0,48.3,32.7,40.6
2025-08-12 19:27:06,30.1,48.2,32.7,40.7
2025-08-12 19:28:06,30.0,48.2,32.7,40.6
2025-08-12 19:29:07,30.0,48.2,32.8,40.4
2025-08-12 19:30:07,30.0,48.1,32.7,41.0
2025-08-12 19:31:08,30.0,48.2,32.8,40.7
2025-08-12 19:33:09,30.0,48.1,32.9,40.8
2025-08-12 19:34:10,30.0,48.1,32.9,40.8
2025-08-12 19:35:10,30.0,48.2,32.8,41.0
2025-08-12 19:36:11,30.0,48.1,32.6,41.4
2025-08-12 19:37:11,30.0,48.1,32.4,41.5
2025-08-12 19:38:12,30.0,48.1,32.3,42.0
2025-08-12 19:39:12,30.0,48.2,32.1,42.3
2025-08-12 19:40:13,30.0,48.3,32.2,41.8
2025-08-12 19:41:13,30.0,48.3,32.2,42.5
2025-08-12 19:42:14,30.0,48.2,32.1,42.2
2025-08-12 19:43:14,30.0,48.2,32.0,42.4
2025-08-12 19:44:15,30.0,48.3,32.0,42.5
2025-08-12 19:45:15,30.0,48.3,32.0,42.8
2025-08-12 19:46:16,30.0,48.3,31.7,42.8
2025-08-12 19:47:16,30.0,48.3,31.6,43.6
2025-08-12 19:48:17,30.0,48.3,31.4,43.7
2025-08-12 19:49:17,30.0,48.3,31.2,44.4
2025-08-12 19:50:18,29.9,48.3,31.0,44.2
2025-08-12 19:51:18,29.9,48.3,31.1,44.9
2025-08-12 19:52:19,29.9,48.4,31.2,44.1
2025-08-12 19:53:19,29.9,48.3,31.1,44.4
2025-08-12 19:54:20,29.9,48.3,31.0,44.5
2025-08-12 19:55:20,29.9,48.3,31.0,44.9
2025-08-12 19:56:21,29.9,48.3,30.9,45.1
2025-08-12 19:57:21,29.9,48.4,30.9,44.6
2025-08-12 19:58:22,29.9,48.4,30.8,44.4
2025-08-12 19:59:22,29.9,48.4,30.5,45.4
2025-08-12 20:00:23,29.9,48.4,30.4,45.6
2025-08-12 20:01:23,29.9,48.4,30.3,44.8
2025-08-12 20:02:24,29.9,48.4,30.1,45.4
2025-08-12 20:03:24,29.9,48.4,30.1,46.3
2025-08-12 20:04:25,29.9,48.4,30.0,46.5
2025-08-12 20:05:25,29.8,48.4,30.2,46.1
2025-08-12 20:06:26,29.8,48.3,30.2,47.5
2025-08-12 20:07:26,29.8,48.5,30.3,47.5
2025-08-12 20:08:27,29.8,48.5,30.3,47.6
2025-08-12 20:09:27,29.8,48.4,30.0,46.4
2025-08-12 20:10:28,29.8,48.4,29.8,47.6
2025-08-12 20:12:29,29.8,48.4,29.6,47.5
2025-08-12 20:13:29,29.8,48.5,29.5,47.9
2025-08-12 20:14:30,29.8,48.5,29.3,48.0
2025-08-12 20:16:31,29.8,48.6,29.1,47.8
2025-08-12 20:17:32,29.8,48.6,29.0,49.7
2025-08-12 20:18:32,29.8,48.7,29.2,49.7
2025-08-12 20:19:33,29.8,48.6,29.2,48.1
2025-08-12 20:20:33,29.8,48.6,29.0,50.1
2025-08-12 20:21:34,29.8,48.6,29.1,48.9
2025-08-12 20:22:34,29.8,48.6,28.9,47.9
2025-08-12 20:23:35,29.8,48.7,28.7,48.2
2025-08-12 20:24:35,29.8,48.7,28.5,48.4
2025-08-12 20:25:36,29.8,48.8,28.6,51.6
2025-08-12 20:26:36,29.8,48.9,28.7,50.5
2025-08-12 20:27:37,29.8,49.0,28.6,49.8
2025-08-12 20:28:37,29.8,49.0,28.6,50.7
2025-08-12 20:29:38,29.8,49.2,28.6,51.3
2025-08-12 20:30:38,29.8,49.2,28.4,49.5
2025-08-12 20:31:39,29.8,49.1,28.2,49.8
2025-08-12 20:32:39,29.8,49.2,28.2,50.2
2025-08-12 20:33:40,29.8,49.1,28.1,50.4
2025-08-12 20:34:40,29.8,50.1,28.1,51.0
2025-08-12 20:35:41,29.8,51.1,28.2,53.0
2025-08-12 20:36:41,29.8,51.4,28.3,50.7
2025-08-12 20:37:42,29.8,51.1,28.1,50.8
2025-08-12 20:38:42,29.8,51.1,28.2,53.4
2025-08-12 20:39:43,29.8,50.9,28.2,52.4
2025-08-12 20:40:43,29.8,50.9,28.1,51.2
2025-08-12 20:41:44,29.7,50.8,28.1,52.5
2025-08-12 20:42:44,29.8,50.8,28.1,52.9
2025-08-12 20:43:45,29.8,50.8,28.1,51.4
2025-08-12 20:44:45,29.8,50.6,27.8,52.1
2025-08-12 20:45:46,29.8,50.6,27.7,54.4
2025-08-12 20:46:46,29.8,50.5,27.6,51.6
2025-08-12 20:47:47,29.8,50.6,27.7,55.4
2025-08-12 20:48:47,29.8,50.6,27.8,52.6
2025-08-12 20:49:48,29.8,50.5,27.7,53.7
2025-08-12 20:50:48,29.8,50.7,27.7,54.3
2025-08-12 20:51:49,29.8,50.7,27.8,52.0
2025-08-12 20:52:49,29.8,50.7,27.7,53.6
2025-08-12 20:53:50,29.8,50.7,27.6,52.0
2025-08-12 20:54:50,29.8,50.7,27.3,52.3
2025-08-12 20:55:51,29.8,50.7,27.3,55.4
2025-08-12 20:56:52,29.8,50.7,27.5,56.0
2025-08-12 20:57:52,29.8,50.7,27.7,54.8
2025-08-12 20:58:53,29.8,50.8,27.6,52.8
2025-08-12 20:59:53,29.8,50.7,27.7,56.1
2025-08-12 21:00:54,29.8,50.7,27.7,53.3
2025-08-12 21:01:54,29.8,50.6,27.5,52.4
2025-08-12 21:02:55,29.8,50.6,27.2,53.5
2025-08-12 21:03:55,29.8,50.6,27.1,54.8
2025-08-12 21:04:56,29.8,50.6,27.3,55.9
2025-08-12 21:05:56,29.8,50.7,27.4,55.9
2025-08-12 21:06:57,29.8,50.6,27.5,54.6
2025-08-12 21:07:57,29.8,50.7,27.6,55.3
2025-08-12 21:08:58,29.8,50.7,27.6,54.2
2025-08-12 21:09:58,29.8,51.2,27.6,54.7
2025-08-12 21:10:59,29.8,51.3,27.5,55.7
2025-08-12 21:11:59,29.8,51.8,27.5,53.4
2025-08-12 21:13:00,29.8,51.6,27.5,54.3
2025-08-12 21:14:00,29.9,51.5,27.5,56.0
2025-08-12 21:15:01,29.9,51.5,27.6,56.5
2025-08-12 21:16:01,29.9,51.5,27.7,55.3
2025-08-12 21:17:02,29.9,51.4,27.3,53.1
2025-08-12 21:18:02,29.9,51.4,27.4,57.3
2025-08-12 21:19:03,29.9,51.3,27.5,56.7
2025-08-12 21:20:03,29.9,51.2,27.7,56.7
2025-08-12 21:21:04,29.9,51.2,27.6,55.9
2025-08-12 21:22:04,29.9,51.2,27.6,53.6
2025-08-12 21:23:05,29.9,51.2,27.5,55.0
2025-08-12 21:24:05,29.9,51.3,27.5,56.5
2025-08-12 21:25:06,29.9,51.3,27.4,55.7
2025-08-12 21:26:06,29.9,51.5,27.1,55.5
2025-08-12 21:27:07,29.9,51.5,27.1,56.7
2025-08-12 21:28:07,29.9,51.3,27.1,55.3
2025-08-12 21:30:08,29.9,51.3,27.1,57.1
2025-08-12 21:31:09,29.9,51.3,27.0,53.9
2025-08-12 21:32:09,30.0,51.1,27.0,56.8
2025-08-12 21:33:10,29.9,51.1,27.0,54.1
2025-08-12 21:34:10,29.9,51.1,26.9,56.5
2025-08-12 21:36:11,30.0,51.5,26.7,55.2
2025-08-12 21:38:13,30.0,51.5,26.9,57.9
2025-08-12 21:40:14,30.0,51.4,26.8,54.5
2025-08-12 21:41:14,30.0,51.4,26.5,54.7
2025-08-12 21:42:15,30.0,51.3,26.4,57.8
2025-08-12 21:43:15,30.0,51.4,26.5,57.4
2025-08-12 21:44:16,30.0,51.4,26.5,55.6
2025-08-12 21:45:16,30.0,51.6,26.4,57.2
2025-08-12 21:46:17,30.0,51.6,26.5,58.6
2025-08-12 21:47:17,30.0,51.6,26.6,55.4
2025-08-12 21:48:18,30.0,51.5,26.3,55.3
2025-08-12 21:49:18,30.0,51.6,26.2,58.0
2025-08-12 21:51:19,30.0,51.7,26.1,55.7
2025-08-12 21:52:20,30.0,51.6,26.0,56.4
2025-08-12 21:53:20,30.0,51.7,26.1,56.8
2025-08-12 21:54:21,30.0,51.7,26.0,56.3
2025-08-12 21:55:21,30.0,51.7,25.9,58.7
2025-08-12 21:56:22,30.0,51.9,26.0,56.8
2025-08-12 21:57:22,30.1,51.7,25.9,56.6
2025-08-12 21:58:23,30.1,51.9,25.8,58.2
2025-08-12 21:59:23,30.0,51.9,25.9,57.9
2025-08-12 22:00:24,30.0,52.0,25.9,59.2
2025-08-12 22:01:24,30.0,52.0,26.0,58.0
2025-08-12 22:02:25,30.0,52.0,25.9,57.8
2025-08-12 22:03:25,30.0,52.0,25.9,57.2
2025-08-12 22:04:26,30.0,51.9,25.8,58.1
2025-08-12 22:05:26,30.0,51.8,25.8,57.4
2025-08-12 22:06:27,30.1,51.7,25.6,57.5
2025-08-12 22:07:27,30.0,51.8,25.4,58.1
2025-08-12 22:08:28,30.0,51.8,25.5,58.5
2025-08-12 22:09:28,30.1,51.9,25.6,61.2
2025-08-12 22:10:29,30.1,52.1,25.7,59.9
2025-08-12 22:11:29,30.1,52.1,25.6,58.3
2025-08-12 22:12:30,30.1,52.3,25.5,57.8
2025-08-12 22:13:30,30.1,52.2,25.3,58.2
2025-08-12 22:14:31,30.1,52.1,25.3,58.5
2025-08-12 22:15:31,30.1,52.0,25.3,58.7
2025-08-12 22:16:32,30.1,52.2,25.4,59.7
2025-08-12 22:17:32,30.1,52.2,25.5,60.0
2025-08-12 22:18:33,30.1,52.1,25.6,59.4
2025-08-12 22:19:33,30.1,52.1,25.5,59.0
2025-08-12 22:20:34,30.1,52.0,25.5,59.3
2025-08-12 22:21:35,30.1,52.1,25.4,59.4
2025-08-12 22:22:35,30.1,52.1,25.4,59.0
2025-08-12 22:23:36,30.1,52.1,25.3,58.6
2025-08-12 22:24:36,30.1,52.1,25.3,59.5
2025-08-12 22:25:37,30.1,52.1,25.3,61.0
2025-08-12 22:26:37,30.1,52.0,25.3,59.1
2025-08-12 22:27:38,30.1,52.0,25.3,59.8
2025-08-12 22:28:38,30.1,52.1,25.3,59.2
2025-08-12 22:29:39,30.1,52.2,25.2,59.6
2025-08-12 22:30:39,30.1,52.3,25.2,62.1
2025-08-12 22:31:40,30.1,52.4,25.2,59.9
2025-08-12 22:32:40,30.1,52.3,25.2,60.9
2025-08-12 22:33:41,30.2,52.4,25.1,60.7
2025-08-12 22:34:41,30.2,52.5,25.1,60.1
2025-08-12 22:35:42,30.1,52.6,25.2,62.1
2025-08-12 22:36:42,30.1,52.6,25.1,60.0
2025-08-12 22:37:43,30.1,52.7,24.9,60.5
2025-08-12 22:38:43,30.1,52.6,24.8,61.0
2025-08-12 22:39:44,30.0,52.7,24.7,61.3
2025-08-12 22:40:44,30.0,52.6,24.5,61.6
2025-08-12 22:41:45,29.9,52.7,24.3,62.3
2025-08-12 22:42:45,29.9,52.8,24.2,62.7
2025-08-12 22:43:46,29.9,52.7,24.1,63.3
2025-08-12 22:44:46,29.7,52.0,24.1,63.5
2025-08-12 22:45:47,29.7,52.5,24.0,63.7
2025-08-12 22:46:47,29.6,52.9,24.0,63.7
2025-08-12 22:47:48,29.7,52.5,23.9,63.9
2025-08-12 22:48:48,29.6,52.8,23.8,64.3
2025-08-12 22:49:49,29.5,52.8,23.8,64.6
2025-08-12 22:50:49,29.5,52.5,23.7,64.8
2025-08-12 22:51:50,29.5,52.7,23.7,64.9
2025-08-12 22:52:50,29.5,52.9,23.7,64.9
2025-08-12 22:53:51,29.4,52.3,23.6,64.9
2025-08-12 22:54:51,29.3,53.0,23.6,65.0
2025-08-12 22:55:52,29.3,53.0,23.6,65.2
2025-08-12 22:56:52,29.4,53.2,23.6,65.2
2025-08-12 22:57:53,29.4,52.7,23.6,65.0
2025-08-12 22:58:53,29.4,53.2,23.6,65.0
2025-08-12 22:59:54,29.6,53.1,23.6,65.1
2025-08-12 23:00:54,29.7,52.3,23.5,65.5
2025-08-12 23:01:55,29.5,52.3,23.4,65.7
2025-08-12 23:02:55,29.4,52.3,23.4,65.5
2025-08-12 23:03:56,29.3,52.6,23.4,65.8
2025-08-12 23:04:56,29.2,52.6,23.3,65.9
2025-08-12 23:05:57,29.2,52.3,23.3,66.1
2025-08-12 23:06:58,29.3,53.4,23.3,66.1
2025-08-12 23:07:58,29.5,53.7,23.2,66.2
2025-08-12 23:08:59,29.4,52.1,23.2,66.4
2025-08-12 23:09:59,29.2,52.7,23.2,66.7
2025-08-12 23:11:00,29.1,52.4,23.1,66.9
2025-08-12 23:12:00,29.0,52.5,23.0,67.4
2025-08-12 23:13:01,29.0,53.0,23.0,67.3
2025-08-12 23:14:01,29.0,52.5,23.0,67.2
2025-08-12 23:15:02,28.9,52.9,23.0,67.5
2025-08-12 23:16:02,28.8,52.7,23.0,67.6
2025-08-12 23:17:03,28.7,53.1,22.9,67.8
2025-08-12 23:18:03,28.7,53.9,22.9,68.1
2025-08-12 23:19:04,28.8,53.8,22.8,68.2
2025-08-12 23:20:04,28.8,53.5,22.8,68.4
2025-08-12 23:21:05,28.7,53.3,22.7,68.6
2025-08-12 23:22:05,28.7,53.4,22.7,68.8
2025-08-12 23:23:06,28.7,53.5,22.6,68.8
2025-08-12 23:24:06,28.6,53.7,22.5,69.1
2025-08-12 23:25:07,28.7,55.2,22.5,69.1
2025-08-12 23:26:07,28.7,54.9,22.6,69.3
2025-08-12 23:27:08,28.8,54.3,22.6,69.2
2025-08-12 23:28:08,28.9,55.8,22.6,69.1
2025-08-12 23:29:09,29.0,55.5,22.5,69.1
2025-08-12 23:30:09,29.0,55.1,22.5,69.4
2025-08-12 23:31:10,28.9,54.3,22.4,69.7
2025-08-12 23:32:10,28.8,55.5,22.4,69.6
2025-08-12 23:33:11,29.0,56.2,22.4,69.7
2025-08-12 23:34:11,29.2,54.9,22.4,70.0
2025-08-12 23:35:12,29.1,55.4,22.4,70.0
2025-08-12 23:36:12,29.1,55.5,22.3,70.0
2025-08-12 23:37:13,29.2,55.5,22.4,70.0
2025-08-12 23:38:13,29.2,54.6,22.3,70.1
2025-08-12 23:39:14,29.1,55.4,22.2,70.3
2025-08-12 23:40:14,29.1,55.7,22.2,70.4
2025-08-12 23:41:15,29.1,55.3,22.2,70.6
2025-08-12 23:42:15,29.0,54.6,22.3,70.5
2025-08-12 23:43:16,28.9,55.5,22.3,70.5
2025-08-12 23:44:17,29.0,56.2,22.3,70.5
2025-08-12 23:45:17,29.1,55.6,22.2,70.7
2025-08-12 23:46:18,29.0,56.1,22.3,70.6
2025-08-12 23:47:18,29.2,55.9,22.2,70.6
2025-08-12 23:48:19,29.2,56.2,22.2,70.6
2025-08-12 23:49:19,29.2,55.4,22.2,70.7
2025-08-12 23:50:20,29.2,56.3,22.2,70.7
2025-08-12 23:51:20,29.2,56.3,22.2,70.8
2025-08-12 23:52:21,29.3,56.1,22.2,70.8
2025-08-12 23:53:21,29.4,56.1,22.2,70.8
2025-08-12 23:54:22,29.4,55.5,22.1,71.1
2025-08-12 23:55:22,29.2,55.1,22.0,71.2
2025-08-12 23:56:23,29.0,55.2,21.9,71.5
2025-08-12 23:57:23,28.9,55.5,21.9,71.5
2025-08-12 23:58:24,28.7,55.3,21.8,72.1
2025-08-12 23:59:24,28.8,56.4,21.8,72.3
2025-08-13 00:00:25,28.8,55.4,21.8,72.2
2025-08-13 00:01:25,28.8,56.3,21.8,72.0
2025-08-13 00:02:26,28.9,55.8,21.8,71.9
2025-08-13 00:03:26,28.9,56.3,21.9,72.0
2025-08-13 00:04:27,28.9,55.4,21.9,72.1
2025-08-13 00:05:27,28.8,55.7,21.8,72.1
2025-08-13 00:06:28,28.8,56.4,21.8,72.4
2025-08-13 00:08:29,28.9,55.9,21.8,72.1
2025-08-13 00:09:29,28.9,55.7,21.8,72.0
2025-08-13 00:10:30,28.8,55.6,21.8,72.3
2025-08-13 00:11:30,28.8,55.7,21.8,72.2
2025-08-13 00:12:31,28.9,56.2,21.8,72.2
2025-08-13 00:14:32,29.0,56.0,21.8,71.9
2025-08-13 00:15:32,29.0,55.5,21.8,72.2
2025-08-13 00:16:33,28.9,55.7,21.7,72.4
2025-08-13 00:17:33,28.9,56.0,21.7,72.5
2025-08-13 00:18:34,28.9,55.7,21.8,72.4
2025-08-13 00:19:34,28.9,55.5,21.7,72.5
2025-08-13 00:20:35,28.8,54.9,21.7,72.7
2025-08-13 00:21:35,28.7,55.5,21.7,72.7
2025-08-13 00:22:36,28.7,56.3,21.7,72.8
2025-08-13 00:23:36,28.8,56.2,21.7,72.8
2025-08-13 00:24:37,28.8,56.1,21.7,72.8
2025-08-13 00:25:38,28.8,55.9,21.7,72.8
2025-08-13 00:26:38,28.8,55.5,21.7,73.1
2025-08-13 00:27:39,28.7,55.6,21.7,73.2
2025-08-13 00:28:39,28.7,55.6,21.6,73.3
2025-08-13 00:29:40,28.7,55.8,21.6,73.4
2025-08-13 00:30:40,28.8,56.5,21.6,73.4
2025-08-13 00:31:41,29.0,56.3,21.6,73.4
2025-08-13 00:32:41,29.0,55.2,21.6,73.6
2025-08-13 00:33:42,28.7,54.7,21.5,73.7
2025-08-13 00:34:42,28.5,55.1,21.5,73.9
2025-08-13 00:35:43,28.4,54.8,21.5,74.1
2025-08-13 00:36:43,28.2,54.5,21.4,74.6
2025-08-13 00:38:44,28.1,55.2,21.3,74.7
2025-08-13 00:39:45,28.0,55.1,21.3,74.9
2025-08-13 00:40:45,28.0,55.4,21.3,74.8
2025-08-13 00:42:46,27.9,55.4,21.2,74.9
2025-08-13 00:44:47,27.8,55.4,21.1,75.3
2025-08-13 00:45:48,27.8,55.9,21.1,75.4
2025-08-13 00:46:48,27.8,56.1,21.1,75.4
2025-08-13 00:47:49,27.9,56.1,21.1,75.5
2025-08-13 00:48:49,27.9,56.0,21.1,75.3
2025-08-13 00:50:50,27.9,55.6,21.1,75.2
2025-08-13 00:51:51,27.9,55.6,21.1,75.3
2025-08-13 00:52:51,27.8,55.6,21.0,75.4
2025-08-13 00:53:52,27.7,55.6,21.1,75.4
2025-08-13 00:54:52,27.7,55.8,21.1,75.4
2025-08-13 00:56:53,27.7,55.9,21.1,75.5
2025-08-13 00:57:54,27.7,56.1,21.0,75.8
2025-08-13 00:58:54,27.7,57.3,21.0,75.9
2025-08-13 00:59:55,27.9,56.6,20.9,76.0
2025-08-13 01:00:55,28.0,56.6,20.9,76.0
2025-08-13 01:01:56,27.9,56.2,20.8,76.2
2025-08-13 01:02:57,28.0,56.4,20.8,76.5
2025-08-13 01:05:58,28.1,57.1,20.8,76.4
2025-08-13 01:06:59,28.3,57.2,20.9,76.4
2025-08-13 01:07:59,28.3,56.4,20.8,76.4
2025-08-13 01:09:00,28.3,56.4,20.8,76.5
2025-08-13 01:11:01,28.6,56.8,20.7,76.7
2025-08-13 01:12:01,28.5,55.9,20.7,77.1
2025-08-13 01:13:02,28.6,57.0,20.6,77.5
2025-08-13 01:14:02,28.7,56.7,20.6,77.6
2025-08-13 01:15:03,28.9,56.6,20.7,77.5
2025-08-13 01:17:04,29.1,56.1,20.7,77.7
2025-08-13 01:18:04,29.1,56.0,20.8,77.2
2025-08-13 01:19:05,29.2,56.1,20.8,77.1
2025-08-13 01:20:05,29.2,56.0,20.8,77.3
2025-08-13 01:21:06,29.2,55.9,20.8,77.3
2025-08-13 01:22:06,29.2,55.9,20.7,77.3
2025-08-13 01:23:07,29.2,55.9,20.8,77.2
2025-08-13 01:24:07,29.0,55.8,20.8,77.3
2025-08-13 01:25:08,28.8,55.8,20.8,77.3
2025-08-13 01:26:08,28.7,55.7,20.7,77.1
2025-08-13 01:27:09,28.5,55.9,20.7,77.5
2025-08-13 01:28:09,28.5,56.6,20.7,77.6
2025-08-13 01:29:10,28.4,56.3,20.7,77.6
2025-08-13 01:30:10,28.4,56.6,20.7,77.6
2025-08-13 01:31:11,28.4,56.7,20.7,77.7
2025-08-13 01:32:11,28.4,56.6,20.7,77.6
2025-08-13 01:33:12,28.3,56.5,20.6,77.9
2025-08-13 01:34:12,28.2,56.8,20.6,77.9
2025-08-13 01:35:13,28.2,57.2,20.5,78.2
2025-08-13 01:36:13,28.4,57.7,20.5,78.4
2025-08-13 01:37:14,28.4,57.3,20.5,78.4
2025-08-13 01:38:14,28.4,56.7,20.5,78.4
2025-08-13 01:39:15,28.3,56.6,20.5,78.4
2025-08-13 01:40:15,28.4,57.1,20.5,78.3
2025-08-13 01:41:16,28.3,56.6,20.5,78.3
2025-08-13 01:42:16,28.3,56.3,20.5,78.4
2025-08-13 01:43:17,28.3,56.6,20.4,78.7
2025-08-13 01:45:18,28.1,56.8,20.3,79.3
2025-08-13 01:46:19,28.1,56.5,20.2,79.4
2025-08-13 01:47:19,28.0,56.8,20.2,79.4
2025-08-13 01:48:20,28.1,56.9,20.2,79.6
2025-08-13 01:49:20,28.0,56.4,20.2,79.7
2025-08-13 01:50:21,27.9,56.6,20.2,79.8
2025-08-13 01:51:21,27.9,56.6,20.1,80.0
2025-08-13 01:52:22,27.9,56.6,20.1,80.0
2025-08-13 01:53:22,27.9,56.8,20.1,80.2
2025-08-13 01:54:23,27.9,56.9,20.1,80.3
2025-08-13 01:55:23,27.9,56.7,20.1,80.2
2025-08-13 01:56:24,27.9,57.3,20.1,80.0
2025-08-13 01:57:24,27.9,57.1,20.1,79.7
2025-08-13 01:58:25,27.9,57.0,20.1,80.0
2025-08-13 01:59:25,27.9,57.1,20.1,80.0
2025-08-13 02:00:26,28.1,57.8,20.1,79.9
2025-08-13 02:01:26,28.2,56.9,20.0,79.9
2025-08-13 02:02:27,28.3,57.2,19.9,80.1
2025-08-13 02:03:27,28.2,56.9,19.9,80.5
2025-08-13 02:04:28,28.3,57.2,19.9,80.3
2025-08-13 02:05:28,28.3,56.9,19.9,80.1
2025-08-13 02:06:29,28.3,56.5,19.9,80.1
2025-08-13 02:07:29,28.3,56.7,19.9,80.0
2025-08-13 02:08:30,28.4,56.9,19.8,80.5
2025-08-13 02:09:30,28.2,55.8,19.7,80.8
2025-08-13 02:10:31,28.1,56.2,19.7,80.8
2025-08-13 02:11:31,28.0,56.5,19.7,81.0
2025-08-13 02:12:32,28.0,56.6,19.7,81.2
2025-08-13 02:13:32,28.0,56.7,19.7,81.1
2025-08-13 02:14:33,27.9,56.0,19.7,81.1
2025-08-13 02:15:33,27.9,56.0,19.6,81.1
2025-08-13 02:17:34,27.9,55.8,19.6,81.1
2025-08-13 02:18:35,27.9,56.3,19.7,81.0
2025-08-13 02:19:35,27.7,55.1,19.6,80.8
2025-08-13 02:20:36,27.6,55.8,19.6,80.9
2025-08-13 02:21:37,27.5,55.5,19.6,81.2
2025-08-13 02:22:38,27.4,55.9,19.5,81.2
2025-08-13 02:23:19,27.3,56.2,19.5,81.4
2025-08-13 02:24:19,27.3,56.5,19.4,81.6
2025-08-13 02:24:56,27.2,56.2,19.4,81.7
2025-08-13 02:25:56,27.2,56.6,19.5,81.5
2025-08-13 02:26:54,27.2,56.7,19.5,81.4
2025-08-13 02:27:37,27.2,56.4,19.5,81.4
2025-08-13 02:28:37,27.2,56.4,19.5,81.4
2025-08-13 02:29:38,27.2,56.5,19.5,81.5
2025-08-13 02:30:38,27.2,56.5,19.4,81.6
2025-08-13 02:31:39,27.3,56.8,19.5,81.5
2025-08-13 02:32:14,27.3,56.7,19.5,81.4
2025-08-13 02:34:15,27.4,56.9,19.4,81.5
2025-08-13 02:35:16,27.5,56.7,19.4,81.7
2025-08-13 02:36:16,27.5,56.4,19.3,82.0
2025-08-13 02:37:17,27.4,56.7,19.3,82.2
2025-08-13 02:38:17,27.4,56.5,19.3,82.1
2025-08-13 02:38:28,27.4,56.6,19.3,82.1
2025-08-13 02:38:44,27.3,56.6,19.3,82.1
2025-08-13 02:39:44,27.3,56.8,19.3,82.0
2025-08-13 02:40:45,27.3,56.8,19.3,82.1
2025-08-13 02:41:45,27.4,57.1,19.3,81.9
2025-08-13 02:42:46,27.4,57.1,19.3,82.1
2025-08-13 02:43:46,27.5,57.5,19.3,82.1
2025-08-13 02:45:47,27.1,57.9,19.2,82.4
2025-08-13 02:46:48,27.0,57.9,19.1,82.6
2025-08-13 02:47:48,26.9,57.9,19.0,82.9
2025-08-13 02:48:49,26.9,58.4,19.0,83.1
2025-08-13 02:49:49,26.9,59.0,19.0,83.1
2025-08-13 02:50:50,27.0,59.9,19.1,82.9
2025-08-13 02:51:50,27.2,58.9,19.1,82.9
2025-08-13 02:53:51,27.1,59.6,19.2,82.4
2025-08-13 02:54:52,27.2,59.0,19.3,82.3
2025-08-13 02:55:52,27.2,58.7,19.2,82.3
2025-08-13 02:56:53,27.0,58.0,19.1,82.5
2025-08-13 02:57:53,26.9,58.4,19.1,82.7
2025-08-13 02:59:54,27.1,58.6,19.1,82.8
2025-08-13 03:01:55,27.1,58.6,19.1,82.8
2025-08-13 03:04:57,26.8,58.2,19.0,83.1
2025-08-13 03:05:57,26.7,58.5,19.0,83.0
2025-08-13 03:06:58,26.7,58.4,19.0,83.1
2025-08-13 03:07:58,26.7,58.5,19.0,83.1
2025-08-13 03:08:59,26.8,58.7,19.0,83.2
2025-08-13 03:09:59,26.8,58.2,19.0,82.9
2025-08-13 03:12:00,26.8,58.3,19.0,83.3
2025-08-13 03:13:01,26.8,58.7,19.0,83.3
2025-08-13 03:14:01,26.9,58.8,19.0,83.2
2025-08-13 03:16:02,26.7,58.1,19.0,83.0
2025-08-13 03:17:03,26.7,58.6,19.1,82.9
2025-08-13 03:18:03,26.7,58.6,19.0,82.9
2025-08-13 03:20:04,26.8,58.9,19.1,82.9
2025-08-13 03:21:05,26.8,58.4,19.1,82.8
2025-08-13 03:22:05,26.8,58.1,19.0,82.8
2025-08-13 03:23:06,26.7,57.9,19.0,83.1
2025-08-13 03:24:06,26.7,58.0,19.0,83.2
2025-08-13 03:25:07,26.7,58.3,19.0,83.1
2025-08-13 03:26:07,26.7,58.6,19.0,83.1
2025-08-13 03:28:08,26.9,58.7,19.0,83.2
2025-08-13 03:29:09,26.8,57.7,19.0,83.5
2025-08-13 03:30:09,26.7,58.7,18.9,83.7
2025-08-13 03:31:10,26.7,58.8,18.9,83.6
2025-08-13 03:32:10,26.8,58.3,19.0,83.4
2025-08-13 03:33:11,26.8,58.6,18.9,83.2
2025-08-13 03:34:11,26.7,58.6,19.0,83.2
2025-08-13 03:36:12,26.7,58.4,18.9,83.4
2025-08-13 03:37:13,26.6,58.5,18.9,83.5
2025-08-13 03:38:14,26.7,58.7,18.9,83.3
2025-08-13 03:39:14,26.7,58.9,18.9,83.4
2025-08-13 03:40:15,26.8,58.9,18.9,83.5
2025-08-13 03:41:15,26.9,59.1,19.0,83.5
2025-08-13 03:42:16,26.9,58.5,19.0,83.3
2025-08-13 03:44:17,26.9,58.4,19.0,83.3
2025-08-13 03:45:17,26.8,58.4,18.9,83.4
2025-08-13 03:46:18,26.8,58.6,19.0,83.5
2025-08-13 03:48:19,26.8,58.8,19.0,83.7
2025-08-13 03:49:19,26.8,59.2,18.9,83.9
2025-08-13 03:50:20,26.8,58.7,19.0,84.0
2025-08-13 03:52:21,26.8,59.1,19.0,84.4
2025-08-13 03:53:21,26.7,59.0,19.0,84.5
2025-08-13 03:54:22,26.7,59.4,19.0,84.2
2025-08-13 03:55:22,26.7,59.2,19.0,84.5
2025-08-13 03:56:23,26.7,59.0,19.0,84.3
2025-08-13 03:57:23,26.7,59.7,19.0,84.7
2025-08-13 03:58:24,26.7,59.5,19.0,84.7
2025-08-13 03:59:24,26.8,59.1,19.0,84.9
2025-08-13 04:00:25,26.7,59.4,19.0,85.1
2025-08-13 04:01:25,26.7,59.8,19.0,85.1
2025-08-13 04:02:26,26.8,59.6,18.9,85.1
2025-08-13 04:04:27,26.8,59.4,18.9,85.2
2025-08-13 04:05:27,26.8,59.3,18.9,85.4
2025-08-13 04:06:28,26.8,59.4,18.9,85.4
2025-08-13 04:07:28,26.7,59.4,18.9,85.5
2025-08-13 04:08:29,26.6,59.3,18.9,85.4
2025-08-13 04:09:29,26.6,59.6,18.8,85.7
2025-08-13 04:10:30,26.6,59.7,18.8,85.8
2025-08-13 04:11:30,26.6,60.0,18.8,86.1
2025-08-13 04:12:31,26.8,59.8,18.8,85.6
2025-08-13 04:13:31,26.9,59.1,18.8,86.2
2025-08-13 04:14:32,26.9,59.5,18.8,86.1
2025-08-13 04:15:32,26.8,59.5,18.9,86.2
2025-08-13 04:16:33,27.0,59.2,18.9,86.0
2025-08-13 04:17:33,26.9,59.5,18.9,86.3
2025-08-13 04:18:34,27.0,59.7,18.9,86.3
2025-08-13 04:19:34,27.0,58.9,18.9,86.2
2025-08-13 04:20:35,26.9,59.8,18.9,86.1
2025-08-13 04:21:35,27.0,59.5,18.9,86.3
2025-08-13 04:22:36,27.0,58.9,18.9,86.2
2025-08-13 04:23:36,26.9,59.5,18.8,86.2
2025-08-13 04:24:37,26.8,59.4,18.9,86.1
2025-08-13 04:25:37,26.8,59.5,18.9,86.1
2025-08-13 04:26:38,26.7,59.7,18.8,86.3
2025-08-13 04:27:38,26.7,59.9,18.8,86.3
2025-08-13 04:28:39,26.7,59.8,18.8,86.4
2025-08-13 04:30:40,26.7,60.1,18.8,86.4
2025-08-13 04:31:40,26.7,60.4,18.8,86.0
2025-08-13 04:32:41,26.8,60.2,18.8,85.9
2025-08-13 04:33:41,26.8,59.9,18.8,86.0
2025-08-13 04:34:42,26.8,59.5,18.8,86.0
2025-08-13 04:35:42,26.7,60.2,18.8,86.1
2025-08-13 04:36:43,26.9,60.1,18.8,86.2
2025-08-13 04:37:43,27.0,60.0,18.8,86.1
2025-08-13 04:38:44,27.1,59.6,18.8,85.9
2025-08-13 04:39:44,27.1,59.7,18.8,85.9
2025-08-13 04:40:45,27.2,59.7,18.8,85.6
2025-08-13 04:41:45,27.3,59.4,18.9,85.6
2025-08-13 04:42:46,27.2,58.8,18.8,85.5
2025-08-13 04:43:46,27.1,58.8,18.8,86.0
2025-08-13 04:44:47,27.0,59.2,18.7,86.3
2025-08-13 04:45:47,27.0,59.3,18.7,86.2
2025-08-13 04:46:48,27.0,59.4,18.8,86.2
2025-08-13 04:47:48,27.1,59.4,18.7,86.5
2025-08-13 04:48:49,27.2,59.1,18.8,86.1
2025-08-13 04:49:49,27.3,59.3,18.8,86.3
2025-08-13 04:50:50,27.3,59.2,18.8,86.3
2025-08-13 04:51:51,27.4,59.1,18.8,86.4
2025-08-13 04:52:51,27.4,58.6,18.8,86.4
2025-08-13 04:53:52,27.3,58.8,18.8,86.6
2025-08-13 04:54:52,27.3,59.1,18.8,86.6
2025-08-13 04:55:53,27.5,59.6,18.8,86.6
2025-08-13 04:56:53,27.8,59.4,18.9,86.4
2025-08-13 04:57:54,28.0,58.6,18.9,85.9
2025-08-13 04:58:54,27.8,58.5,18.9,86.7
2025-08-13 04:59:55,27.6,58.2,18.8,86.5
2025-08-13 05:00:55,27.5,58.6,18.8,86.5
2025-08-13 05:01:56,27.5,58.6,18.8,86.5
2025-08-13 05:02:56,27.3,58.8,18.8,86.6
2025-08-13 05:03:57,27.3,59.4,18.8,86.7
2025-08-13 05:04:57,27.3,58.6,18.7,87.0
2025-08-13 05:05:58,27.2,59.9,18.7,88.2
2025-08-13 05:06:58,27.3,58.8,18.8,87.1
2025-08-13 05:07:59,27.3,59.2,18.7,87.2
2025-08-13 05:08:59,27.3,59.1,18.8,87.2
2025-08-13 05:10:00,27.3,58.8,18.7,87.5
2025-08-13 05:11:00,27.1,59.8,18.7,88.0
2025-08-13 05:12:01,27.4,60.2,18.8,87.8
2025-08-13 05:13:01,27.6,59.1,18.8,87.3
2025-08-13 05:14:02,27.5,58.8,18.8,86.8
2025-08-13 05:15:02,27.4,58.4,18.7,87.2
2025-08-13 05:16:03,27.3,59.0,18.6,87.8
2025-08-13 05:17:03,27.3,58.9,18.5,88.2
2025-08-13 05:18:04,27.0,58.5,18.5,88.3
2025-08-13 05:19:04,26.6,59.1,18.3,88.8
2025-08-13 05:20:05,26.6,59.6,18.3,88.9
2025-08-13 05:21:05,26.9,60.8,18.4,89.0
2025-08-13 05:22:06,27.0,59.1,18.4,88.9
2025-08-13 05:23:06,27.2,59.7,18.5,89.2
2025-08-13 05:24:07,27.1,59.1,18.4,89.0
2025-08-13 05:26:08,26.8,58.9,18.3,89.5
2025-08-13 05:27:08,26.7,60.1,18.3,90.9
2025-08-13 05:28:09,26.8,59.3,18.5,89.3
2025-08-13 05:29:09,26.8,59.2,18.4,89.2
2025-08-13 05:30:10,26.6,59.7,18.3,89.3
2025-08-13 05:31:10,26.4,59.2,18.3,89.6
2025-08-13 05:32:11,26.0,59.9,18.1,90.8
2025-08-13 05:33:11,25.8,60.6,18.1,91.1
2025-08-13 05:34:12,25.9,61.5,18.2,90.8
2025-08-13 05:35:12,26.1,61.1,18.3,90.4
2025-08-13 05:36:13,25.9,60.8,18.4,90.1
2025-08-13 05:37:13,25.8,60.9,18.3,90.3
2025-08-13 05:38:14,25.6,61.2,18.2,90.9
2025-08-13 05:39:14,25.6,62.0,18.2,91.4
2025-08-13 05:40:15,25.9,61.3,18.2,91.2
2025-08-13 05:41:15,25.7,60.9,18.1,91.5
2025-08-13 05:43:16,25.6,61.7,18.1,92.0
2025-08-13 05:44:17,25.6,62.1,18.1,91.9
2025-08-13 05:45:17,25.8,61.9,18.3,91.6
2025-08-13 05:46:18,26.0,61.4,18.3,91.2
2025-08-13 05:47:18,26.0,61.2,18.3,91.0
2025-08-13 05:49:19,25.9,61.5,18.4,90.7
2025-08-13 05:50:20,25.9,61.5,18.4,90.7
2025-08-13 05:51:20,25.9,61.3,18.4,90.7
2025-08-13 05:52:21,25.9,61.4,18.4,90.7
2025-08-13 05:53:21,25.9,61.4,18.4,90.8
2025-08-13 05:54:22,25.9,61.6,18.5,90.6
2025-08-13 05:55:22,25.8,61.8,18.5,90.6
2025-08-13 05:56:23,25.9,61.8,18.5,90.4
2025-08-13 05:57:23,25.9,62.0,18.6,90.3
2025-08-13 05:58:24,25.9,61.9,18.6,90.4
2025-08-13 05:59:24,26.0,61.9,18.6,90.4
2025-08-13 06:00:25,25.9,62.1,18.6,90.3
2025-08-13 06:01:25,26.0,61.9,18.6,90.3
2025-08-13 06:02:26,26.0,62.0,18.6,90.2
2025-08-13 06:03:26,26.0,62.0,18.6,90.4
2025-08-13 06:04:27,26.0,61.9,18.6,90.8
2025-08-13 06:05:27,26.0,62.1,18.6,90.8
2025-08-13 06:06:28,26.0,61.8,18.6,90.7
2025-08-13 06:07:28,26.0,61.9,18.6,90.6
2025-08-13 06:08:29,26.0,62.1,18.7,90.6
2025-08-13 06:09:29,26.0,62.2,18.7,90.5
2025-08-13 06:10:30,26.0,62.0,18.7,90.6
2025-08-13 06:11:31,25.9,62.1,18.7,90.4
2025-08-13 06:12:31,25.9,62.3,18.7,90.4
2025-08-13 06:13:32,25.9,62.3,18.7,90.4
2025-08-13 06:14:32,25.9,62.5,18.7,90.2
2025-08-13 06:15:33,25.9,62.2,18.7,90.0
2025-08-13 06:16:33,25.9,62.7,18.7,89.9
2025-08-13 06:17:34,26.0,62.1,18.7,89.9
2025-08-13 06:18:34,26.0,61.9,18.7,90.0
2025-08-13 06:19:35,26.0,61.9,18.7,89.9
2025-08-13 06:20:35,26.0,61.8,18.7,90.0
2025-08-13 06:21:36,25.9,62.2,18.7,90.0
2025-08-13 06:22:36,26.0,62.3,18.7,90.0
2025-08-13 06:23:37,26.2,62.6,18.7,90.0
2025-08-13 06:24:37,26.4,61.9,18.7,90.1
2025-08-13 06:25:38,26.5,61.5,18.7,89.7
2025-08-13 06:26:38,26.6,61.2,18.8,89.6
2025-08-13 06:27:39,26.5,61.2,18.8,89.5
2025-08-13 06:28:39,26.4,61.4,18.8,89.2
2025-08-13 06:29:40,26.4,61.5,18.8,89.1
2025-08-13 06:30:40,26.4,61.5,18.8,89.1
2025-08-13 06:31:41,26.4,61.4,18.9,89.0
2025-08-13 06:32:41,26.5,61.1,18.8,89.0
2025-08-13 06:33:42,26.5,60.9,18.9,88.8
2025-08-13 06:34:42,26.5,61.0,18.9,88.8
2025-08-13 06:35:43,26.6,61.1,18.9,88.8
2025-08-13 06:36:43,26.5,61.0,18.9,88.7
2025-08-13 06:37:44,26.5,61.3,18.9,88.7
2025-08-13 06:38:44,26.6,60.9,18.9,88.9
2025-08-13 06:39:45,26.5,61.0,18.9,88.7
2025-08-13 06:40:45,26.5,60.9,18.9,88.6
2025-08-13 06:41:46,26.6,61.1,18.9,88.6
2025-08-13 06:42:46,26.6,60.8,18.9,88.5
2025-08-13 06:43:47,26.7,61.0,18.9,88.3
2025-08-13 06:44:47,26.7,60.7,19.0,88.3
2025-08-13 06:45:48,26.7,60.4,19.0,88.1
2025-08-13 06:46:48,26.4,60.2,18.9,88.4
2025-08-13 06:47:49,26.3,61.2,18.8,89.0
2025-08-13 06:48:49,26.3,61.5,18.8,89.2
2025-08-13 06:49:50,26.4,61.0,18.7,89.2
2025-08-13 06:50:50,26.3,60.9,18.7,89.4
2025-08-13 06:51:51,26.3,61.2,18.8,89.3
2025-08-13 06:52:51,26.3,61.4,18.8,89.3
2025-08-13 06:53:52,26.4,61.4,18.8,89.4
2025-08-13 06:54:52,26.3,61.1,18.8,89.4
2025-08-13 06:55:53,26.4,61.3,18.9,89.4
2025-08-13 06:56:53,26.2,60.8,18.9,89.2
2025-08-13 06:57:54,26.1,61.6,18.9,89.2
2025-08-13 06:58:54,26.2,61.3,18.8,89.0
2025-08-13 06:59:55,26.0,61.4,18.8,89.3
2025-08-13 07:00:55,25.9,61.8,18.8,89.4
2025-08-13 07:01:56,25.9,62.0,18.8,89.5
2025-08-13 07:02:56,25.9,62.4,18.8,95.9
2025-08-13 07:03:57,25.9,62.6,18.6,96.7
2025-08-13 07:04:57,26.0,62.3,18.5,95.6
2025-08-13 07:05:58,25.8,62.3,18.4,95.8
2025-08-13 07:06:58,25.7,62.4,18.2,95.6
2025-08-13 07:07:59,25.7,62.8,18.3,95.9
2025-08-13 07:08:59,25.9,62.8,18.4,95.1
2025-08-13 07:10:00,25.8,62.6,18.4,94.9
2025-08-13 07:11:00,25.8,62.7,18.4,94.5
2025-08-13 07:12:01,25.8,62.7,18.5,93.9
2025-08-13 07:13:01,25.8,62.6,18.4,92.8
2025-08-13 07:14:02,25.9,62.3,18.4,92.7
2025-08-13 07:15:02,25.9,62.0,18.3,92.8
2025-08-13 07:16:03,25.8,62.3,18.4,92.9
2025-08-13 07:17:03,25.9,62.2,18.4,92.8
2025-08-13 07:18:04,25.9,62.2,18.4,92.4
2025-08-13 07:19:04,25.8,62.1,18.4,92.6
2025-08-13 07:20:05,26.0,62.6,18.4,92.0
2025-08-13 07:21:05,26.2,61.7,18.4,92.1
2025-08-13 07:22:06,26.3,61.6,18.4,92.3
2025-08-13 07:23:06,26.4,61.2,18.5,91.7
2025-08-13 07:24:07,26.3,61.0,18.5,91.7
2025-08-13 07:25:07,26.4,61.3,18.5,91.9
2025-08-13 07:26:08,26.5,60.8,18.5,91.5
2025-08-13 07:27:08,26.4,61.0,18.6,91.5
2025-08-13 07:28:09,26.4,61.0,18.7,91.4
2025-08-13 07:29:09,26.4,61.3,18.8,91.1
2025-08-13 07:30:10,26.5,61.1,18.8,90.9
2025-08-13 07:31:10,26.5,60.8,18.9,90.5
2025-08-13 07:32:11,26.6,61.0,18.9,90.3
2025-08-13 07:33:11,26.7,60.8,19.0,90.1
2025-08-13 07:34:12,26.7,60.3,19.0,89.6
2025-08-13 07:35:12,26.6,60.5,19.0,89.6
2025-08-13 07:36:13,26.6,60.5,19.0,89.4
2025-08-13 07:37:13,26.6,60.6,19.0,89.5
2025-08-13 07:38:14,26.7,60.7,19.1,89.5
2025-08-13 07:39:15,26.8,60.5,19.2,89.2
2025-08-13 07:40:15,26.9,60.3,19.2,88.7
2025-08-13 07:41:16,26.9,60.0,19.3,88.6
2025-08-13 07:42:16,26.9,60.2,19.4,88.7
2025-08-13 07:43:17,27.0,59.9,19.4,88.2
2025-08-13 07:44:17,27.0,59.9,19.5,87.9
2025-08-13 07:45:18,27.0,59.9,19.5,87.8
2025-08-13 07:46:18,27.0,59.9,19.5,87.4
2025-08-13 07:47:19,26.9,59.9,19.5,87.1
2025-08-13 07:48:19,27.0,60.1,19.5,87.3
2025-08-13 07:49:20,27.1,60.1,19.5,87.4
2025-08-13 07:50:20,27.0,59.9,19.6,86.9
2025-08-13 07:51:21,27.1,60.0,19.7,86.7
2025-08-13 07:52:21,27.1,60.1,19.7,86.1
2025-08-13 07:53:22,27.2,60.0,19.8,86.1
2025-08-13 07:54:22,27.2,59.8,19.8,86.1
2025-08-13 07:55:23,27.2,59.6,19.8,85.6
2025-08-13 07:56:23,27.1,59.7,19.8,85.8
2025-08-13 07:57:24,27.1,59.6,19.7,85.9
2025-08-13 07:58:24,27.0,59.9,19.7,86.0
2025-08-13 07:59:25,27.0,59.9,19.6,86.5
2025-08-13 08:00:25,26.9,59.8,19.6,86.7
2025-08-13 08:01:26,26.9,60.3,19.7,86.8
2025-08-13 08:02:26,26.9,60.1,19.8,86.2
2025-08-13 08:03:27,26.9,60.3,19.8,86.2
2025-08-13 08:04:27,27.0,60.4,19.9,86.2
2025-08-13 08:05:28,27.0,59.9,20.0,85.4
2025-08-13 08:06:28,27.0,60.0,20.1,85.1
2025-08-13 08:07:29,27.0,60.2,20.1,84.7
2025-08-13 08:08:29,26.8,59.8,20.0,85.2
2025-08-13 08:09:30,26.7,59.8,20.0,84.4
2025-08-13 08:10:30,26.5,60.2,19.9,84.7
2025-08-13 08:11:31,26.5,60.6,19.9,84.8
2025-08-13 08:12:31,26.4,60.6,19.8,85.2
2025-08-13 08:13:32,26.2,60.7,19.7,85.6
2025-08-13 08:14:32,26.1,60.9,19.8,85.6
2025-08-13 08:15:33,26.3,61.7,19.9,85.5
2025-08-13 08:17:34,26.4,60.6,19.8,84.9
2025-08-13 08:18:34,26.2,60.5,19.7,84.7
2025-08-13 08:19:35,26.1,61.0,19.7,85.1
2025-08-13 08:20:35,26.1,61.2,19.7,85.0
2025-08-13 08:21:36,26.0,61.2,19.7,84.6
2025-08-13 08:22:36,26.1,61.0,19.7,84.4
2025-08-13 08:23:37,26.2,61.3,19.7,84.6
2025-08-13 08:24:37,26.3,61.1,19.8,84.3
2025-08-13 08:25:38,26.4,60.6,19.8,84.2
2025-08-13 08:26:38,26.4,60.5,19.8,84.1
2025-08-13 08:27:39,26.5,60.9,19.9,84.4
2025-08-13 08:28:39,26.5,60.6,20.0,83.9
2025-08-13 08:29:40,26.5,60.8,20.0,83.9
2025-08-13 08:30:40,26.5,60.3,20.0,83.7
2025-08-13 08:31:41,26.5,60.7,19.9,83.9
2025-08-13 08:32:41,26.7,60.7,20.1,83.2
2025-08-13 08:33:42,26.7,60.1,20.1,82.7
2025-08-13 08:34:42,26.6,59.9,20.0,83.0
2025-08-13 08:35:43,26.5,60.2,20.1,83.3
2025-08-13 08:36:43,26.6,60.7,20.2,83.4
2025-08-13 08:37:44,26.7,60.5,20.4,82.7
2025-08-13 08:38:44,26.8,59.9,20.5,81.9
2025-08-13 08:39:45,26.8,60.0,20.5,81.6
2025-08-13 08:41:46,26.9,60.1,20.5,81.0
2025-08-13 08:42:46,26.9,59.9,20.6,80.6
2025-08-13 08:43:47,27.1,60.4,20.8,81.3
2025-08-13 08:44:47,27.2,60.1,20.9,80.6
2025-08-13 08:45:48,27.4,59.8,21.1,79.5
2025-08-13 08:46:48,27.4,59.6,21.1,79.4
2025-08-13 08:47:49,27.4,59.2,21.1,79.2
2025-08-13 08:48:49,27.4,59.6,21.2,79.4
2025-08-13 08:49:50,27.5,59.5,21.2,78.5
2025-08-13 08:50:50,27.4,59.5,21.1,78.6
2025-08-13 08:51:51,27.4,59.4,21.2,79.0
2025-08-13 08:52:51,27.4,59.4,21.1,78.7
2025-08-13 08:53:52,27.4,60.0,21.1,78.6
2025-08-13 08:54:52,27.4,59.9,21.1,78.9
2025-08-13 08:55:53,27.4,59.5,21.2,78.8
2025-08-13 08:56:53,27.5,59.9,21.3,78.6
2025-08-13 08:57:54,27.5,59.9,21.3,78.1
2025-08-13 08:59:55,27.6,59.6,21.3,78.2
2025-08-13 09:00:55,27.7,59.6,21.4,78.5
2025-08-13 09:01:56,27.7,59.5,21.5,77.8
2025-08-13 09:02:56,27.8,59.5,21.6,77.9
2025-08-13 09:03:57,27.8,59.7,21.6,77.1
2025-08-13 09:04:58,27.8,59.4,21.5,77.2
2025-08-13 09:05:58,27.8,59.6,21.5,77.3
2025-08-13 09:06:59,27.8,59.7,21.6,77.5
2025-08-13 09:07:59,27.9,59.6,21.8,77.0
2025-08-13 09:09:00,27.9,59.5,21.8,76.9
2025-08-13 09:10:00,27.9,59.5,21.8,77.1
2025-08-13 09:11:01,27.9,59.4,21.8,76.5
2025-08-13 09:12:01,27.9,59.4,22.0,76.7
2025-08-13 09:13:02,28.0,59.3,22.1,76.3
2025-08-13 09:14:02,28.0,59.2,22.2,75.6
2025-08-13 09:15:03,28.0,59.3,22.3,75.4
2025-08-13 09:16:03,28.0,59.2,22.4,75.1
2025-08-13 09:17:04,28.0,59.1,22.4,74.4
2025-08-13 09:18:04,28.0,59.0,22.3,74.2
2025-08-13 09:19:05,28.0,58.9,22.4,74.8
2025-08-13 09:20:05,28.0,59.1,22.4,74.0
2025-08-13 09:21:06,28.0,59.4,22.4,74.6
2025-08-13 09:22:06,27.9,58.6,22.2,74.1
2025-08-13 09:23:07,27.6,58.6,22.0,74.9
2025-08-13 09:24:07,27.5,59.3,22.0,75.1
2025-08-13 09:25:08,27.6,59.5,22.0,75.1
2025-08-13 09:26:08,27.5,59.1,22.0,75.5
2025-08-13 09:27:09,27.4,58.5,21.9,75.4
2025-08-13 09:28:09,27.3,59.5,21.8,75.8
2025-08-13 09:29:10,27.2,58.9,21.7,75.9
2025-08-13 09:30:10,27.1,59.2,21.8,76.2
2025-08-13 09:31:11,27.2,59.7,21.9,76.3
2025-08-13 09:32:11,27.4,59.7,22.2,75.1
2025-08-13 09:33:12,27.5,59.8,22.3,74.8
2025-08-13 09:34:12,27.6,59.7,22.4,75.1
2025-08-13 09:35:13,27.8,59.5,22.6,74.0
2025-08-13 09:36:13,27.8,59.2,22.7,73.2
2025-08-13 09:37:14,27.9,59.2,22.7,73.1
2025-08-13 09:38:14,27.9,59.0,22.7,72.3
2025-08-13 09:39:15,27.9,58.9,22.6,73.0
2025-08-13 09:40:15,27.9,59.1,22.9,75.4
2025-08-13 09:41:16,27.9,59.2,23.5,74.9
2025-08-13 09:42:16,28.0,59.0,23.4,70.5
2025-08-13 09:43:17,27.9,58.7,23.0,71.4
2025-08-13 09:44:17,27.9,58.8,22.8,72.3
2025-08-13 09:45:18,27.8,58.9,22.9,72.6
2025-08-13 09:46:18,27.9,59.0,22.9,72.3
2025-08-13 09:47:19,27.9,59.2,23.0,72.4
2025-08-13 09:48:19,28.0,59.3,23.2,73.9
2025-08-13 09:49:20,28.0,59.3,24.4,73.2
2025-08-13 09:50:20,28.0,59.3,25.2,70.4
2025-08-13 09:51:21,27.9,59.2,25.8,68.0
2025-08-13 09:52:21,27.9,59.2,26.0,66.7
2025-08-13 09:53:22,27.9,59.1,26.3,65.9
2025-08-13 09:54:22,27.9,59.1,26.5,65.1
2025-08-13 09:55:23,27.9,59.0,26.8,64.1
2025-08-13 09:56:23,27.9,59.0,26.9,63.6
2025-08-13 09:57:24,27.9,58.8,26.8,60.8
2025-08-13 09:58:24,27.8,58.8,26.3,64.4
2025-08-13 09:59:25,27.8,58.8,26.7,63.8
2025-08-13 10:00:25,27.8,58.8,27.1,62.9
2025-08-13 10:01:26,27.9,58.8,27.3,62.0
2025-08-13 10:02:26,27.9,58.8,27.2,60.7
2025-08-13 10:03:27,27.8,58.4,26.9,61.8
2025-08-13 10:04:27,27.9,58.6,27.0,62.5
2025-08-13 10:05:28,27.8,58.6,27.2,61.4
2025-08-13 10:06:28,27.8,58.1,27.0,61.3
2025-08-13 10:07:29,27.8,58.3,27.3,61.6
2025-08-13 10:08:29,27.9,58.5,27.5,60.9
2025-08-13 10:09:30,27.9,58.6,27.6,60.5
2025-08-13 10:10:30,27.8,58.5,27.6,60.3
2025-08-13 10:11:31,27.8,58.6,27.7,60.3
2025-08-13 10:12:31,27.9,58.4,27.7,60.0
2025-08-13 10:13:32,27.8,58.4,27.8,59.9
2025-08-13 10:14:32,27.9,58.5,27.6,59.3
2025-08-13 10:15:33,27.9,58.4,27.5,59.9
2025-08-13 10:16:33,27.8,58.4,27.5,60.1
2025-08-13 10:17:34,27.8,57.0,26.8,58.5
2025-08-13 10:18:34,27.8,57.3,26.3,60.6
2025-08-13 10:19:35,27.9,57.7,26.5,63.0
2025-08-13 10:20:35,27.9,57.8,26.9,62.0
2025-08-13 10:21:36,27.8,58.0,27.2,60.4
2025-08-13 10:22:36,27.8,57.0,26.3,60.8
2025-08-13 10:23:37,27.8,57.6,26.5,62.8
2025-08-13 10:24:37,27.8,57.8,27.0,61.9
2025-08-13 10:25:38,27.8,57.9,27.4,60.8
2025-08-13 10:26:39,27.8,58.0,27.6,60.2
2025-08-13 10:27:39,27.8,58.1,27.7,59.8
2025-08-13 10:29:40,27.8,58.1,27.8,59.4
2025-08-13 10:30:41,27.8,58.1,27.9,59.2
2025-08-13 10:31:41,27.8,58.1,27.9,59.1
2025-08-13 10:32:42,27.8,58.1,27.7,59.6
2025-08-13 10:33:42,27.8,58.1,27.8,59.5
2025-08-13 10:34:43,27.8,58.1,27.8,59.1
2025-08-13 10:35:43,27.8,58.1,27.9,58.9
2025-08-13 10:36:44,27.8,58.0,27.9,58.8
2025-08-13 10:37:44,27.8,58.1,28.0,58.6
2025-08-13 10:38:45,27.8,58.1,28.0,58.5
2025-08-13 10:39:45,27.8,58.1,28.0,58.5
2025-08-13 10:40:46,27.8,58.1,27.9,58.3
2025-08-13 10:41:46,27.8,58.1,27.5,58.9
2025-08-13 10:42:47,27.8,58.1,27.3,59.8
2025-08-13 10:43:47,27.8,58.1,27.4,59.9
2025-08-13 10:44:48,27.8,58.1,27.5,59.3
2025-08-13 10:45:48,27.8,58.1,27.5,59.7
2025-08-13 10:46:49,27.8,58.0,27.7,59.4
2025-08-13 10:47:49,27.8,58.1,27.8,59.0
2025-08-13 10:48:50,27.8,58.0,27.8,58.9
2025-08-13 10:49:50,27.8,58.0,27.7,58.7
2025-08-13 10:50:51,27.8,58.0,27.4,59.3
2025-08-13 10:51:51,27.8,58.0,27.4,59.6
2025-08-13 10:52:52,27.8,57.9,27.1,59.3
2025-08-13 10:53:52,27.8,57.9,27.3,60.7
2025-08-13 10:54:53,27.8,57.9,27.6,59.8
2025-08-13 10:55:53,27.8,58.0,27.7,59.1
2025-08-13 10:56:54,27.8,57.9,27.4,59.0
2025-08-13 10:57:54,27.8,57.9,27.5,59.6
2025-08-13 10:58:55,27.8,57.7,27.3,59.5
2025-08-13 10:59:55,27.8,57.8,27.5,59.6
2025-08-13 11:00:56,27.8,57.8,27.5,58.9
2025-08-13 11:01:56,27.8,57.3,26.8,60.7
2025-08-13 11:02:57,27.8,57.6,27.1,60.7
2025-08-13 11:03:57,27.8,57.8,27.1,60.8
2025-08-13 11:04:58,27.8,57.8,27.3,60.1
2025-08-13 11:05:58,27.8,57.8,27.4,60.1
2025-08-13 11:06:59,27.8,57.8,27.5,59.7
2025-08-13 11:07:59,27.8,57.8,27.8,59.2
2025-08-13 11:09:00,27.8,57.8,27.8,58.8
2025-08-13 11:10:00,27.8,57.8,27.8,58.7
2025-08-13 11:11:01,27.8,57.8,27.9,58.6
2025-08-13 11:12:01,27.8,57.8,27.9,58.4
2025-08-13 11:13:02,27.8,57.8,28.0,58.4
2025-08-13 11:14:02,27.8,57.9,28.0,58.2
2025-08-13 11:15:03,27.8,57.8,28.1,58.0
2025-08-13 11:16:03,27.8,57.8,28.0,58.0
2025-08-13 11:17:04,27.8,57.8,27.8,58.1
2025-08-13 11:18:04,27.8,57.8,27.9,58.4
2025-08-13 11:19:05,27.8,57.8,27.9,58.5
2025-08-13 11:20:05,27.8,57.8,28.0,58.2
2025-08-13 11:21:06,27.8,57.8,28.2,57.7
2025-08-13 11:22:06,27.8,57.8,28.2,57.4
2025-08-13 11:23:07,27.8,57.8,28.3,57.3
2025-08-13 11:24:07,27.8,57.8,28.4,57.1
2025-08-13 11:25:08,27.8,57.8,28.4,57.0
2025-08-13 11:26:08,27.8,57.8,28.3,57.0
2025-08-13 11:27:09,27.8,57.8,28.2,57.3
2025-08-13 11:28:09,27.8,57.8,28.1,57.7
2025-08-13 11:29:10,27.9,57.8,28.1,57.6
2025-08-13 11:30:10,27.8,57.9,28.2,57.5
2025-08-13 11:31:11,27.8,57.9,28.3,57.5
2025-08-13 11:32:11,27.9,57.7,28.1,57.5
2025-08-13 11:33:12,27.8,57.8,28.3,57.5
2025-08-13 11:34:12,27.9,57.8,28.4,57.1
2025-08-13 11:35:13,27.9,57.8,28.4,57.2
2025-08-13 11:36:13,27.8,57.9,28.3,57.1
2025-08-13 11:37:14,27.9,57.9,28.3,57.2
2025-08-13 11:38:14,27.9,57.9,28.0,58.0
2025-08-13 11:39:15,27.9,57.9,28.1,57.9
2025-08-13 11:40:15,27.9,57.9,28.2,57.6
2025-08-13 11:41:16,27.9,57.8,28.3,57.2
2025-08-13 11:42:16,27.9,57.9,28.5,57.0
2025-08-13 11:43:17,27.8,58.0,28.3,57.1
2025-08-13 11:44:17,27.9,58.0,28.3,57.3
2025-08-13 11:45:18,27.9,58.0,28.4,57.2
2025-08-13 11:46:18,27.9,58.0,28.5,57.0
2025-08-13 11:47:19,27.8,58.0,28.5,56.7
2025-08-13 11:48:19,27.8,57.9,28.6,56.6
2025-08-13 11:49:20,27.9,58.0,28.7,56.4
2025-08-13 11:50:21,27.9,57.9,28.7,56.3
2025-08-13 11:51:21,27.8,57.9,28.6,56.5
2025-08-13 11:52:22,27.9,58.0,28.2,56.7
2025-08-13 11:53:22,27.9,58.0,28.2,57.3
2025-08-13 11:55:23,27.9,58.1,28.2,57.5
2025-08-13 11:56:24,27.9,58.2,28.3,57.3
2025-08-13 11:57:24,27.9,58.3,28.3,57.3
2025-08-13 11:58:25,27.9,58.3,28.2,57.6
2025-08-13 11:59:25,27.9,58.3,28.3,57.5
2025-08-13 12:00:26,27.9,58.3,28.5,57.1
2025-08-13 12:01:26,27.9,58.2,28.6,57.0
2025-08-13 12:02:27,27.9,58.3,28.7,56.6
2025-08-13 12:03:27,27.9,58.3,28.7,56.6
2025-08-13 12:04:28,27.9,58.3,28.7,56.7
2025-08-13 12:05:28,27.9,58.3,28.6,56.7
2025-08-13 12:06:29,27.9,58.3,28.3,57.4
2025-08-13 12:56:50,28.5,60.6,31.6,67.6
2025-08-13 12:57:51,28.5,60.6,31.9,58.6
2025-08-13 12:58:51,28.5,60.2,31.4,53.8
2025-08-13 13:00:52,28.5,59.9,30.6,54.8
2025-08-13 13:01:53,28.5,59.7,30.4,55.0
2025-08-13 13:02:53,28.5,59.5,30.2,55.1
2025-08-13 13:03:54,28.4,60.5,30.1,55.5
2025-08-13 13:04:54,28.5,60.6,30.0,56.2
2025-08-13 13:05:55,28.5,60.4,29.9,56.6
2025-08-13 13:06:55,28.5,60.3,29.9,56.5
2025-08-13 13:07:56,28.5,60.2,30.0,56.5
2025-08-13 13:08:56,28.5,60.4,30.0,56.4
2025-08-13 13:09:57,28.5,60.4,30.0,56.8
2025-08-13 14:17:31,28.8,59.0,30.3,59.5
2025-08-13 14:18:30,28.8,59.0,30.5,60.3
2025-08-13 14:30:03,28.8,59.6,31.1,67.2
2025-08-13 14:31:03,28.8,59.6,31.5,57.3
2025-08-13 14:32:04,28.8,60.1,30.7,55.9
2025-08-13 14:33:04,29.1,63.9,28.9,58.2
2025-08-13 14:34:05,29.7,59.4,28.7,60.1
2025-08-13 14:35:05,29.3,58.8,28.3,60.7
2025-08-13 14:36:06,29.1,59.0,28.2,61.1
2025-08-13 14:37:07,28.9,59.2,28.1,60.9
2025-08-13 14:38:07,28.9,59.3,28.2,61.0
2025-08-13 14:39:08,28.8,59.3,28.3,60.7
2025-08-13 14:40:08,28.7,59.3,28.3,60.6
2025-08-13 14:41:09,28.7,59.4,28.3,61.2
2025-08-13 14:42:09,28.7,59.3,28.1,61.0
2025-08-13 14:43:10,28.7,59.3,28.0,61.3
2025-08-13 14:44:10,28.6,59.3,28.1,61.6
2025-08-13 14:45:11,28.6,59.2,28.1,61.1
2025-08-13 14:46:11,28.6,59.2,27.7,61.9
2025-08-13 14:47:12,28.6,59.2,27.7,62.3
2025-08-13 14:48:12,28.6,59.2,27.7,62.4
2025-08-13 14:49:13,28.6,59.2,27.7,62.3
2025-08-13 14:50:13,28.6,59.1,27.8,62.3
2025-08-13 14:51:14,28.6,59.2,27.8,62.2
2025-08-13 14:52:14,28.6,59.2,27.9,62.1
2025-08-13 14:53:15,28.6,59.1,27.9,62.0
2025-08-13 14:54:15,28.6,59.1,27.6,62.8
2025-08-13 14:55:16,28.6,59.2,27.6,62.8
2025-08-13 14:56:16,28.6,59.2,27.7,62.8
2025-08-13 14:57:17,28.6,59.2,27.7,62.5
2025-08-13 14:58:17,28.6,59.2,27.7,62.7
2025-08-13 14:59:18,28.6,59.2,27.5,63.0
2025-08-13 15:00:18,28.6,59.9,27.6,63.3
2025-08-13 15:01:19,28.7,60.1,27.5,63.7
2025-08-13 15:02:19,28.7,60.1,27.4,63.5
2025-08-13 15:03:20,28.7,60.1,26.9,64.9
2025-08-13 15:04:20,28.6,60.0,27.0,64.9
2025-08-13 15:05:21,28.7,60.0,27.0,65.1
2025-08-13 15:06:21,28.7,60.0,27.3,64.3
2025-08-13 15:07:22,28.7,60.1,27.3,64.0
2025-08-13 15:08:22,28.7,60.1,26.4,66.1
2025-08-13 15:09:23,28.6,60.2,26.3,67.1
2025-08-13 15:10:23,28.6,60.4,26.5,66.3
2025-08-13 15:11:24,28.7,60.8,26.8,66.5
2025-08-13 15:12:24,28.7,60.9,26.9,65.8
2025-08-13 15:13:25,28.7,60.6,27.0,66.1
2025-08-13 15:14:25,28.7,60.4,27.0,64.6
2025-08-13 15:15:26,28.7,60.3,26.3,66.3
2025-08-13 15:16:26,28.7,60.3,26.4,67.1
2025-08-13 15:17:27,28.7,60.4,26.3,67.2
2025-08-13 15:18:27,28.7,60.5,26.1,67.4
2025-08-13 15:19:28,28.7,60.5,26.0,68.2
2025-08-13 15:20:28,28.7,60.5,26.1,67.6
2025-08-13 15:21:29,28.7,60.4,25.8,67.9
2025-08-13 15:22:29,28.7,60.4,25.9,69.2
2025-08-13 15:23:30,28.7,60.4,26.1,67.8
2025-08-13 15:24:30,28.7,60.3,26.2,67.9
2025-08-13 15:26:31,28.8,60.3,26.4,69.6
2025-08-13 15:27:32,28.8,60.4,26.0,69.3
2025-08-13 15:28:32,28.8,60.6,26.1,70.0
2025-08-13 15:29:33,28.8,60.7,26.3,69.2
2025-08-13 15:30:33,28.8,60.6,26.2,69.5
2025-08-13 15:31:34,28.8,60.6,26.1,69.7
2025-08-13 15:32:34,28.8,60.4,26.6,68.3
2025-08-13 15:39:38,28.9,60.2,26.5,67.4
2025-08-13 15:40:14,28.9,60.8,26.5,67.7
2025-08-13 15:41:14,28.9,60.6,26.6,67.9
2025-08-13 15:42:15,28.9,60.4,26.5,68.2
2025-08-13 15:43:15,28.8,60.2,26.5,68.8
2025-08-13 16:45:41,30.7,58.9,25.2,71.8
